ACS_Iteration,ACS_time,ACS_dist
98,30632.48419356346,173226.47971391914,