Elitist_Iteration,Elitist_time,Elitist_dist
99,29910.756406068802,171832.28885675955,